<?xml version="1.0" encoding="UTF-8" standalone="no"?>
<!-- Generated 15 de des. 2023, 16:03:53 by Hibernate Tools 6.3.1.Final --><!DOCTYPE hibernate-mapping PUBLIC "-//Hibernate/Hibernate Mapping DTD 3.0//EN" "http://www.hibernate.org/dtd/hibernate-mapping-3.0.dtd">
<hibernate-mapping>
    <class name="pojos.Alumne" optimistic-lock="none" table="alumne">
        <id name="nexp" type="int">
            <column name="nExp"/>
            <generator class="assigned"/>
        </id>
        <property name="edat" type="java.lang.Integer">
            <column name="edat"/>
        </property>
        <property name="nom" type="string">
            <column length="30" name="nom"/>
        </property>
        <property name="tlf" type="string">
            <column length="9" name="tlf"/>
        </property>
        <set catalog="exemple_hibernate" fetch="select" inverse="false" lazy="true" name="assignaturas" table="matricula">
            <key>
                <column name="nExp" not-null="true"/>
            </key>
            <many-to-many entity-name="pojos.Assignatura">
                <column length="3" name="codASig" not-null="true"/>
            </many-to-many>
        </set>
    </class>
</hibernate-mapping>
