<?xml version="1.0" encoding="UTF-8" standalone="no"?>
<!-- Generated 15 de des. 2023, 16:03:53 by Hibernate Tools 6.3.1.Final --><!DOCTYPE hibernate-mapping PUBLIC "-//Hibernate/Hibernate Mapping DTD 3.0//EN" "http://www.hibernate.org/dtd/hibernate-mapping-3.0.dtd">
<hibernate-mapping>
    <class name="pojos.Assignatura" optimistic-lock="none" table="assignatura">
        <id name="codAsig" type="string">
            <column length="3" name="codASig"/>
            <generator class="assigned"/>
        </id>
        <property name="nom" type="string">
            <column length="20" name="nom"/>
        </property>
        <set catalog="exemple_hibernate" fetch="select" inverse="true" lazy="true" name="alumnes" table="matricula">
            <key>
                <column length="3" name="codASig" not-null="true"/>
            </key>
            <many-to-many entity-name="pojos.Alumne">
                <column name="nExp" not-null="true"/>
            </many-to-many>
        </set>
    </class>
</hibernate-mapping>
