<?xml version="1.0" encoding="UTF-8" standalone="no"?>
<!-- Generated 15 de des. 2023, 16:03:53 by Hibernate Tools 6.3.1.Final --><!DOCTYPE hibernate-mapping PUBLIC "-//Hibernate/Hibernate Mapping DTD 3.0//EN" "http://www.hibernate.org/dtd/hibernate-mapping-3.0.dtd">
<hibernate-mapping>
    <class name="pojos.Departaments" optimistic-lock="none" table="departaments">
        <id name="deptNo" type="int">
            <column name="deptNo"/>
            <generator class="assigned"/>
        </id>
        <property name="deptNom" type="string">
            <column length="15" name="deptNom"/>
        </property>
        <property name="deptCiutat" type="string">
            <column length="15" name="deptCiutat"/>
        </property>
        <set fetch="select" inverse="true" lazy="true" name="empleatses" table="empleats">
            <key>
                <column name="deptNo" not-null="true"/>
            </key>
            <one-to-many class="pojos.Empleats"/>
        </set>
    </class>
</hibernate-mapping>
