<?xml version="1.0" encoding="UTF-8" standalone="no"?>
<!-- Generated 15 de des. 2023, 16:03:53 by Hibernate Tools 6.3.1.Final --><!DOCTYPE hibernate-mapping PUBLIC "-//Hibernate/Hibernate Mapping DTD 3.0//EN" "http://www.hibernate.org/dtd/hibernate-mapping-3.0.dtd">
<hibernate-mapping>
    <class name="pojos.Empleats" optimistic-lock="none" table="empleats">
        <id name="empNo" type="int">
            <column name="emp_no"/>
            <generator class="assigned"/>
        </id>
        <many-to-one class="pojos.Departaments" fetch="select" name="departaments">
            <column name="deptNo" not-null="true"/>
        </many-to-one>
        <property name="cognoms" type="string">
            <column length="20" name="cognoms" not-null="true"/>
        </property>
        <property name="nom" type="string">
            <column length="15" name="nom" not-null="true"/>
        </property>
        <property name="dataAlta" type="date">
            <column length="10" name="data_alta"/>
        </property>
        <property name="sou" type="java.lang.Long">
            <column name="sou" precision="10" scale="0"/>
        </property>
        <property name="comissio" type="java.lang.Long">
            <column name="comissio" precision="10" scale="0"/>
        </property>
    </class>
</hibernate-mapping>
