<?xml version="1.0" encoding="UTF-8" standalone="no"?>
<!-- Generated 15 de des. 2023, 16:03:53 by Hibernate Tools 6.3.1.Final --><!DOCTYPE hibernate-mapping PUBLIC "-//Hibernate/Hibernate Mapping DTD 3.0//EN" "http://www.hibernate.org/dtd/hibernate-mapping-3.0.dtd">
<hibernate-mapping>
    <class name="pojos.Usuaris" optimistic-lock="none" table="usuaris">
        <id name="userid" type="int">
            <column name="userid"/>
            <generator class="assigned"/>
        </id>
        <property name="pwd" type="string">
            <column length="20" name="pwd" not-null="true"/>
        </property>
        <property name="nom" type="string">
            <column length="45" name="nom"/>
        </property>
        <property name="cognoms" type="string">
            <column length="45" name="cognoms"/>
        </property>
        <property name="email" type="string">
            <column length="100" name="email"/>
        </property>
    </class>
</hibernate-mapping>
