<?xml version="1.0" encoding="UTF-8" standalone="no"?>
<!-- Generated 10 feb 2024 20:26:02 by Hibernate Tools 6.3.1.Final --><!DOCTYPE hibernate-mapping PUBLIC "-//Hibernate/Hibernate Mapping DTD 3.0//EN" "http://www.hibernate.org/dtd/hibernate-mapping-3.0.dtd">
<hibernate-mapping>
    <class name="pojos.Brands" optimistic-lock="none" table="brands">
        <id name="brandId" type="int">
            <column name="brandId"/>
            <generator class="assigned"/>
        </id>
        <property name="brandName" type="string">
            <column length="50" name="brandName" not-null="true" unique="true"/>
        </property>
        <property name="country" type="string">
            <column length="50" name="country" not-null="true"/>
        </property>
        <set fetch="select" inverse="true" lazy="true" name="vehicleses" table="vehicles">
            <key>
                <column name="brandId" not-null="true"/>
            </key>
            <one-to-many class="pojos.Vehicles"/>
        </set>
    </class>
</hibernate-mapping>
