<?xml version="1.0" encoding="UTF-8" standalone="no"?>
<!-- Generated 10 feb 2024 20:26:02 by Hibernate Tools 6.3.1.Final --><!DOCTYPE hibernate-mapping PUBLIC "-//Hibernate/Hibernate Mapping DTD 3.0//EN" "http://www.hibernate.org/dtd/hibernate-mapping-3.0.dtd">
<hibernate-mapping>
    <class name="pojos.Vehicles" optimistic-lock="none" table="vehicles">
        <id name="vehicleId" type="int">
            <column name="vehicleId"/>
            <generator class="assigned"/>
        </id>
        <many-to-one class="pojos.Brands" fetch="join" name="brands">
            <column name="brandId" not-null="true"/>
        </many-to-one>
        <many-to-one class="pojos.Owners" fetch="join" name="owners">
            <column name="ownerId" not-null="true"/>
        </many-to-one>
        <property name="model" type="string">
            <column length="50" name="model" not-null="true"/>
        </property>
        <property name="licensePlate" type="string">
            <column length="20" name="licensePlate" not-null="true" unique="true"/>
        </property>
    </class>
</hibernate-mapping>
