<?xml version="1.0" encoding="UTF-8" standalone="no"?>
<!DOCTYPE hibernate-configuration PUBLIC "-//Hibernate/Hibernate Configuration DTD 3.0//EN" "http://www.hibernate.org/dtd/hibernate-configuration-3.0.dtd">
<hibernate-configuration>
    <session-factory>
        <property name="hibernate.connection.driver_class">com.mysql.cj.jdbc.Driver</property>
        <property name="hibernate.connection.password">ira491</property>
        <property name="hibernate.connection.url">jdbc:mysql://localhost/exemple_hibernate</property>
        <property name="hibernate.connection.username">cfgs</property>
        <property name="hibernate.default_catalog">exemple_hibernate</property>
        <property name="hibernate.default_schema">exemple_hibernate</property>
        <property name="hibernate.dialect">org.hibernate.dialect.MySQLDialect</property>
        <property name="hibernate.hbm2ddl.auto">none</property>
        <property name="hibernate.search.autoregister_listeners">true</property>
        <property name="hibernate.validator.apply_to_ddl">false</property>
        <mapping resource="pojos/Usuaris.hbm.xml"/>
        <mapping resource="pojos/Alumne.hbm.xml"/>
        <mapping resource="pojos/Assignatura.hbm.xml"/>
        <mapping resource="pojos/Empleats.hbm.xml"/>
        <mapping resource="pojos/Departaments.hbm.xml"/>
    </session-factory>
</hibernate-configuration>
